college_code,college_name,college_type,district,course_code,course_name,course_type
TRV,"College of Engineering, Trivandrum (CET)",Government,Thiruvananthapuram,CE,Civil Engineering,
TRV,"College of Engineering, Trivandrum (CET)",Government,Thiruvananthapuram,CS,Computer Science & Engineering,
TRV,"College of Engineering, Trivandrum (CET)",Government,Thiruvananthapuram,EC,Electronics & Communication Engineering,
TRV,"College of Engineering, Trivandrum (CET)",Government,Thiruvananthapuram,EE,Electrical & Electronics Engineering,
TRV,"College of Engineering, Trivandrum (CET)",Government,Thiruvananthapuram,ME,Mechanical Engineering,
TRV,"College of Engineering, Trivandrum (CET)",Government,Thiruvananthapuram,IE,Industrial Engineering,
TRV,"College of Engineering, Trivandrum (CET)",Government,Thiruvananthapuram,AR,Architecture,
TCR,"Government Engineering College, Thrissur (GECT)",Government,Thrissur,CE,Civil Engineering,
TCR,"Government Engineering College, Thrissur (GECT)",Government,Thrissur,CS,Computer Science & Engineering,
TCR,"Government Engineering College, Thrissur (GECT)",Government,Thrissur,EC,Electronics & Communication Engineering,
TCR,"Government Engineering College, Thrissur (GECT)",Government,Thrissur,EE,Electrical & Electronics Engineering,
TCR,"Government Engineering College, Thrissur (GECT)",Government,Thrissur,ME,Mechanical Engineering,
TCR,"Government Engineering College, Thrissur (GECT)",Government,Thrissur,CH,Chemical Engineering,
TCR,"Government Engineering College, Thrissur (GECT)",Government,Thrissur,PE,Production Engineering,
KTE,"Rajiv Gandhi Institute of Technology (RIT), Kottayam",Government,Kottayam,CE,Civil Engineering,
KTE,"Rajiv Gandhi Institute of Technology (RIT), Kottayam",Government,Kottayam,CS,Computer Science & Engineering,
KTE,"Rajiv Gandhi Institute of Technology (RIT), Kottayam",Government,Kottayam,EC,Electronics & Communication Engineering,
KTE,"Rajiv Gandhi Institute of Technology (RIT), Kottayam",Government,Kottayam,EE,Electrical & Electronics Engineering,
KTE,"Rajiv Gandhi Institute of Technology (RIT), Kottayam",Government,Kottayam,ME,Mechanical Engineering,
PKD,"Government Engineering College, Sreekrishnapuram, Palakkad",Government,Palakkad,CS,Computer Science & Engineering,
PKD,"Government Engineering College, Sreekrishnapuram, Palakkad",Government,Palakkad,EC,Electronics & Communication Engineering,
PKD,"Government Engineering College, Sreekrishnapuram, Palakkad",Government,Palakkad,EE,Electrical & Electronics Engineering,
PKD,"Government Engineering College, Sreekrishnapuram, Palakkad",Government,Palakkad,IT,Information Technology,
PKD,"Government Engineering College, Sreekrishnapuram, Palakkad",Government,Palakkad,ME,Mechanical Engineering,
KWY,"Government Engineering College, Wayanad",Government,Wayanad,CS,Computer Science & Engineering,
KWY,"Government Engineering College, Wayanad",Government,Wayanad,EC,Electronics & Communication Engineering,
KWY,"Government Engineering College, Wayanad",Government,Wayanad,EE,Electrical & Electronics Engineering,
KWY,"Government Engineering College, Wayanad",Government,Wayanad,ME,Mechanical Engineering,
KNK,"Government College of Engineering, Kannur",Government,Kannur,CE,Civil Engineering,
KNK,"Government College of Engineering, Kannur",Government,Kannur,CS,Computer Science & Engineering,
KNK,"Government College of Engineering, Kannur",Government,Kannur,EC,Electronics & Communication Engineering,
KNK,"Government College of Engineering, Kannur",Government,Kannur,EE,Electrical & Electronics Engineering,
KNK,"Government College of Engineering, Kannur",Government,Kannur,ME,Mechanical Engineering,
IDK,"Government Engineering College, Idukki",Government,Idukki,CS,Computer Science & Engineering,
IDK,"Government Engineering College, Idukki",Government,Idukki,EC,Electronics & Communication Engineering,
IDK,"Government Engineering College, Idukki",Government,Idukki,EE,Electrical & Electronics Engineering,
IDK,"Government Engineering College, Idukki",,,IT,Information Technology,
KKD,"Government Engineering College, Kozhikode",Government,Kozhikode,AE,Applied Electronics & Instrumentation,
KKD,"Government Engineering College, Kozhikode",Government,Kozhikode,CE,Civil Engineering,
KKD,"Government Engineering College, Kozhikode",Government,Kozhikode,CH,Chemical Engineering,
KKD,"Government Engineering College, Kozhikode",Government,Kozhikode,EC,Electronics & Communication Engineering,
KKD,"Government Engineering College, Kozhikode",Government,Kozhikode,ME,Mechanical Engineering,
MEC,"Model Engineering College, Thrikkakara (MEC)",Government Controlled (IHRD),Ernakulam,CS,Computer Science & Engineering,
MEC,"Model Engineering College, Thrikkakara (MEC)",Government Controlled (IHRD),Ernakulam,EC,Electronics & Communication Engineering,
MEC,"Model Engineering College, Thrikkakara (MEC)",Government Controlled (IHRD),Ernakulam,EB,Electronics & Biomedical Engineering,
MEC,"Model Engineering College, Thrikkakara (MEC)",Government Controlled (IHRD),Ernakulam,EE,Electrical & Electronics Engineering,
MEC,"Model Engineering College, Thrikkakara (MEC)",Government Controlled (IHRD),Ernakulam,AD,Artificial Intelligence & Data Science,
MA College,"Mar Athanasius College of Engineering, Kothamangalam (MACE)",Government Aided,Ernakulam,CE,Civil Engineering,
MA College,"Mar Athanasius College of Engineering, Kothamangalam (MACE)",Government Aided,Ernakulam,CS,Computer Science & Engineering,
MA College,"Mar Athanasius College of Engineering, Kothamangalam (MACE)",Government Aided,Ernakulam,EC,Electronics & Communication Engineering,
MA College,"Mar Athanasius College of Engineering, Kothamangalam (MACE)",Government Aided,Ernakulam,EE,Electrical & Electronics Engineering,
MA College,"Mar Athanasius College of Engineering, Kothamangalam (MACE)",Government Aided,Ernakulam,ME,Mechanical Engineering,
TKM,"TKM College of Engineering, Kollam",Government Aided,Kollam,CE,Civil Engineering,
TKM,"TKM College of Engineering, Kollam",Government Aided,Kollam,CS,Computer Science & Engineering,
TKM,"TKM College of Engineering, Kollam",Government Aided,Kollam,EC,Electronics & Communication Engineering,
TKM,"TKM College of Engineering, Kollam",Government Aided,Kollam,EE,Electrical & Electronics Engineering,
TKM,"TKM College of Engineering, Kollam",Government Aided,Kollam,ME,Mechanical Engineering,
TKM,"TKM College of Engineering, Kollam",Government Aided,Kollam,CH,Chemical Engineering,
RET,"Rajarshi School of Engineering and Technology (RSET), Kakkanad",Private Self-Financing,Ernakulam,CS,Computer Science & Engineering,
RET,"Rajarshi School of Engineering and Technology (RSET), Kakkanad",Private Self-Financing,Ernakulam,EC,Electronics & Communication Engineering,
RET,"Rajarshi School of Engineering and Technology (RSET), Kakkanad",,Ernakulam,EEE,Electrical & Electronics Engineering,Private Self-Financing
RET,"Rajarshi School of Engineering and Technology (RSET), Kakkanad",Private Self-Financing,Ernakulam,ME,Mechanical Engineering,
RET,"Rajarshi School of Engineering and Technology (RSET), Kakkanad",Private Self-Financing,Ernakulam,AD,Artificial Intelligence & Data Science,
SCT,"SCT College of Engineering, Pappanamcode, TVM",Government Controlled,Thiruvananthapuram,CS,Computer Science & Engineering,
SCT,"SCT College of Engineering, Pappanamcode, TVM",Government Controlled,Thiruvananthapuram,EC,Electronics & Communication Engineering,
SCT,"SCT College of Engineering, Pappanamcode, TVM",Government Controlled,Thiruvananthapuram,ME,Mechanical Engineering (Automobile),
SCT,"SCT College of Engineering, Pappanamcode, TVM",Government Controlled,Thiruvananthapuram,MP,Mechanical Engineering (Production),
SCT,"SCT College of Engineering, Pappanamcode, TVM",Government Controlled,Thiruvananthapuram,BT,Bio-Technology & Biochemical Engineering,
